ticker,claim,claim_pct,target_year,scope,best_match,match_pct,cos_sim,quant_gap,verdict
MSFT,"In 2020, we made a bold set of commitments: to be a carbon negative, water positive, zero waste company that protects ecosystems—all by 2030.",,2030.0,,"In 2020, we committed to being a carbon negative, water positive, and zero waste company by 2030. In May 2023, we released our Environmental Sustainability Report which looked back at our progress during fiscal year 2022. We continued to make progress on our goals, with our overall emissions declining by 0.5 percent. While our Scope 1 and Scope 2 emissions continued to decline, Scope 3 emissions increased by 0.5 percent.",0.5,0.761,,addressed_unquantified
MSFT,"When we made our carbon negative commitment in 2020 it wasn’t just a challenge to support the sustainability of our business, it was also an invitation to the world to participate in this journey, translating ingenuity into action, and action into impact.",,,,"In 2020, we committed to being a carbon negative, water positive, and zero waste company by 2030. In May 2023, we released our Environmental Sustainability Report which looked back at our progress during fiscal year 2022. We continued to make progress on our goals, with our overall emissions declining by 0.5 percent. While our Scope 1 and Scope 2 emissions continued to decline, Scope 3 emissions increased by 0.5 percent.",0.5,0.621,,addressed_unquantified
MSFT,"We invest in innovative technologies and business models that have the potential for meaningful, measurable climate impact by 2030.",,,,"Measures to contain a global pandemic may intensify other risks described in these Risk Factors. We may incur increased costs to effectively manage these aspects of our business. If we are unsuccessful, it may adversely impact our revenues, cash flows, market share growth, and reputation. The long-term effects of climate change on the global economy and the IT industry in particular are unclear. Environmental regulations or changes in the supply, demand, or available sources of energy or other resources may affect the availability or cost of goods and services, including natural resources, necessary to run our business.",,0.597,,addressed_unquantified
MSFT,"This guided us to make our commitments to be a carbon negative, water positive, zero waste company by 2030.",,2030.0,,"In 2020, we committed to being a carbon negative, water positive, and zero waste company by 2030. In May 2023, we released our Environmental Sustainability Report which looked back at our progress during fiscal year 2022. We continued to make progress on our goals, with our overall emissions declining by 0.5 percent. While our Scope 1 and Scope 2 emissions continued to decline, Scope 3 emissions increased by 0.5 percent.",0.5,0.771,,addressed_unquantified
MSFT,"In 2020, Microsoft made industry-leading commitments to be carbon negative, water positive, and zero waste by 2030, and to protect more land than we use by 2025.",,,,"In 2020, we committed to being a carbon negative, water positive, and zero waste company by 2030. In May 2023, we released our Environmental Sustainability Report which looked back at our progress during fiscal year 2022. We continued to make progress on our goals, with our overall emissions declining by 0.5 percent. While our Scope 1 and Scope 2 emissions continued to decline, Scope 3 emissions increased by 0.5 percent.",0.5,0.686,,addressed_unquantified
MSFT,"Our approach In January 2020, Microsoft committed to be carbon negative by 2030.",,2030.0,,"In 2020, we committed to being a carbon negative, water positive, and zero waste company by 2030. In May 2023, we released our Environmental Sustainability Report which looked back at our progress during fiscal year 2022. We continued to make progress on our goals, with our overall emissions declining by 0.5 percent. While our Scope 1 and Scope 2 emissions continued to decline, Scope 3 emissions increased by 0.5 percent.",0.5,0.636,,addressed_unquantified
MSFT,We will continue to evaluate the carbon fee design to align our business operations and 2030 carbon commitments.,,2030.0,,"In 2020, we committed to being a carbon negative, water positive, and zero waste company by 2030. In May 2023, we released our Environmental Sustainability Report which looked back at our progress during fiscal year 2022. We continued to make progress on our goals, with our overall emissions declining by 0.5 percent. While our Scope 1 and Scope 2 emissions continued to decline, Scope 3 emissions increased by 0.5 percent.",0.5,0.491,,silent
MSFT,11 | | | Overview Microsoft sustainability Carbon Water Waste Ecosystems Customer sustainability Global sustainability Appendix Commitments and progress Carbon negative by 2030,,2030.0,,"In 2020, we committed to being a carbon negative, water positive, and zero waste company by 2030. In May 2023, we released our Environmental Sustainability Report which looked back at our progress during fiscal year 2022. We continued to make progress on our goals, with our overall emissions declining by 0.5 percent. While our Scope 1 and Scope 2 emissions continued to decline, Scope 3 emissions increased by 0.5 percent.",0.5,0.692,,addressed_unquantified
MSFT,We are committed to being carbon negative by 2030 and by 2050 remove from the atmosphere an equivalent amount of all the carbon dioxide our company has emitted either directly or by our electricity consumption since we were founded in 1975.,,,,"In 2020, we committed to being a carbon negative, water positive, and zero waste company by 2030. In May 2023, we released our Environmental Sustainability Report which looked back at our progress during fiscal year 2022. We continued to make progress on our goals, with our overall emissions declining by 0.5 percent. While our Scope 1 and Scope 2 emissions continued to decline, Scope 3 emissions increased by 0.5 percent.",0.5,0.709,,addressed_unquantified
MSFT,"Our commitment Reducing direct emissions We will reduce our Scope 1 and 2 emissions to near zero by increasing energy efficiency, decarbonization, and reaching 100 percent renewable energy by 2025.",,2030.0,,"In 2020, we committed to being a carbon negative, water positive, and zero waste company by 2030. In May 2023, we released our Environmental Sustainability Report which looked back at our progress during fiscal year 2022. We continued to make progress on our goals, with our overall emissions declining by 0.5 percent. While our Scope 1 and Scope 2 emissions continued to decline, Scope 3 emissions increased by 0.5 percent.",0.5,0.673,,addressed_unquantified
MSFT,"Reducing value chain emissions By 2030, we will reduce our Scope 3 emissions by more than half from a 2020 baseline.",,2030.0,,"In 2020, we committed to being a carbon negative, water positive, and zero waste company by 2030. In May 2023, we released our Environmental Sustainability Report which looked back at our progress during fiscal year 2022. We continued to make progress on our goals, with our overall emissions declining by 0.5 percent. While our Scope 1 and Scope 2 emissions continued to decline, Scope 3 emissions increased by 0.5 percent.",0.5,0.699,,addressed_unquantified
MSFT,"Replacing with 100/100/0 carbon-free energy By 2030, 100 percent of our electricity consumption will be matched by zero carbon energy purchases 100 percent of the time.",,2025.0,1.0,"In 2020, we committed to being a carbon negative, water positive, and zero waste company by 2030. In May 2023, we released our Environmental Sustainability Report which looked back at our progress during fiscal year 2022. We continued to make progress on our goals, with our overall emissions declining by 0.5 percent. While our Scope 1 and Scope 2 emissions continued to decline, Scope 3 emissions increased by 0.5 percent.",0.5,0.515,,silent
MSFT,"Removing the rest of our emissions By 2030, Microsoft will remove more carbon than it emits.",,2030.0,3.0,"•
Using Windows to fuel our cloud business, grow our share of the PC market, and drive increased engagement with our services like Microsoft 365 Consumer, Microsoft Teams, Microsoft Edge, Bing, Xbox Game Pass, and more. Our future growth depends on our ability to transcend current product category definitions, business models, and sales motions. Corporate Social Responsibility
Commitment to Sustainability
Microsoft’s approach to addressing climate change starts with the sustainability of our own business.",,0.6,,addressed_unquantified
MSFT,"By 2050, we will remove an amount of carbon equivalent to all our historical emissions.",,2030.0,,"In 2020, we committed to being a carbon negative, water positive, and zero waste company by 2030. In May 2023, we released our Environmental Sustainability Report which looked back at our progress during fiscal year 2022. We continued to make progress on our goals, with our overall emissions declining by 0.5 percent. While our Scope 1 and Scope 2 emissions continued to decline, Scope 3 emissions increased by 0.5 percent.",0.5,0.572,,addressed_unquantified
MSFT,"Tracking our yearly progress toward carbon negative by 2030 In FY22, we procured 1.44 million metric tons and retired 514,156 metric tons of carbon removal as part of our effort toward achieving our annual carbon commitment to be carbon neutral.",,2030.0,,"In 2020, we committed to being a carbon negative, water positive, and zero waste company by 2030. In May 2023, we released our Environmental Sustainability Report which looked back at our progress during fiscal year 2022. We continued to make progress on our goals, with our overall emissions declining by 0.5 percent. While our Scope 1 and Scope 2 emissions continued to decline, Scope 3 emissions increased by 0.5 percent.",0.5,0.634,,addressed_unquantified
MSFT,"15 | | | Overview Microsoft sustainability Carbon Water Waste Ecosystems Customer sustainability Global sustainability Appendix Reducing Scope 1 and 2 emissions (continued) Reducing fossil fuels Microsoft is committed to being diesel free in our datacenter operations by 2030, moving to all-electric kitchens, and electrifying our campus fleet.",,2050.0,,"In 2020, we committed to being a carbon negative, water positive, and zero waste company by 2030. In May 2023, we released our Environmental Sustainability Report which looked back at our progress during fiscal year 2022. We continued to make progress on our goals, with our overall emissions declining by 0.5 percent. While our Scope 1 and Scope 2 emissions continued to decline, Scope 3 emissions increased by 0.5 percent.",0.5,0.651,,addressed_unquantified
MSFT,"In July 2022, we updated our Supplier Code of Conduct (SCoC) sustainability requirements to include independent third-party assurance of emissions data and to deliver a minimum 55 percent greenhouse gas (GHG) reduction by 2030.",55.0,2030.0,,"Scope 3 represented 96 percent of our total emissions, resulting primarily from the operations of our suppliers and the use of our products across our customers. A few examples of our continued progress include:
•
Signed new power purchase agreements, bringing our total portfolio of carbon-free energy to over 13.5 gigawatts. •
Contracted for water replenishment projects that are estimated to provide more than 15.6 million cubic meters in volumetric water benefit over the lifetime of these projects.",,0.454,,silent
MSFT,"Our Circular Center program will reuse or recycle 90 percent of datacenter decommissioned cloud computing hardware assets, contributing directly to emissions reductions.",,2030.0,1.0,"Our datacenters depend on the availability of permitted and buildable land, predictable energy, networking supplies, and servers, including graphics processing units (“GPUs”) and other components. The cost or availability of these dependencies could be adversely affected by a variety of factors, including the transition to a clean energy economy, local and regional environmental regulations, and geopolitical disruptions.",,0.558,,addressed_unquantified
MSFT,"On the path to reaching this vision, our commitment is to cover 100 percent of Microsoft’s load with renewable energy purchases by 2025, and by 2030 to ensure that we meet our 100/100/0 commitment, meaning 100 percent of Microsoft’s electricity consumption, 100 percent of the time, will be matched by zero-carbon energy purchases.",,2030.0,,"•
Using Windows to fuel our cloud business, grow our share of the PC market, and drive increased engagement with our services like Microsoft 365 Consumer, Microsoft Teams, Microsoft Edge, Bing, Xbox Game Pass, and more. Our future growth depends on our ability to transcend current product category definitions, business models, and sales motions. Corporate Social Responsibility
Commitment to Sustainability
Microsoft’s approach to addressing climate change starts with the sustainability of our own business.",,0.637,,addressed_unquantified
MSFT,"2023 carbon removal key projects Climeworks offtake In July 2022, we signed a 10-year forward agreement with Climeworks to purchase DAC removals from their Orca and Mammoth plants, building on our earlier purchase commitment with Climeworks.",,,,"In 2020, we committed to being a carbon negative, water positive, and zero waste company by 2030. In May 2023, we released our Environmental Sustainability Report which looked back at our progress during fiscal year 2022. We continued to make progress on our goals, with our overall emissions declining by 0.5 percent. While our Scope 1 and Scope 2 emissions continued to decline, Scope 3 emissions increased by 0.5 percent.",0.5,0.483,,silent
MSFT,"We renewed our investment in the CommuniTree project in November 2022, signing for 700,000 metric tons in the form of ex ante credits over the next two years, which we project will deliver >100,000 metric tons of ex post verified carbon in 2030 and subsequent years.",,2025.0,,"In 2020, we committed to being a carbon negative, water positive, and zero waste company by 2030. In May 2023, we released our Environmental Sustainability Report which looked back at our progress during fiscal year 2022. We continued to make progress on our goals, with our overall emissions declining by 0.5 percent. While our Scope 1 and Scope 2 emissions continued to decline, Scope 3 emissions increased by 0.5 percent.",0.5,0.491,,silent
MSFT,"Our carbon negative commitment is an invitation to the world to participate in this journey, translating ingenuity into action, and action into impact.",,,,"In 2020, we committed to being a carbon negative, water positive, and zero waste company by 2030. In May 2023, we released our Environmental Sustainability Report which looked back at our progress during fiscal year 2022. We continued to make progress on our goals, with our overall emissions declining by 0.5 percent. While our Scope 1 and Scope 2 emissions continued to decline, Scope 3 emissions increased by 0.5 percent.",0.5,0.529,,silent
MSFT,Our carbon negative commitment is an invitation to the world to participate in the journey to emissions reductions.,,,,"In 2020, we committed to being a carbon negative, water positive, and zero waste company by 2030. In May 2023, we released our Environmental Sustainability Report which looked back at our progress during fiscal year 2022. We continued to make progress on our goals, with our overall emissions declining by 0.5 percent. While our Scope 1 and Scope 2 emissions continued to decline, Scope 3 emissions increased by 0.5 percent.",0.5,0.575,,addressed_unquantified
MSFT,"To reach our commitment to become a zero waste company by 2030, Microsoft is taking an increasingly circular approach to materials management to reduce waste and carbon emissions.",,,,"•
Using Windows to fuel our cloud business, grow our share of the PC market, and drive increased engagement with our services like Microsoft 365 Consumer, Microsoft Teams, Microsoft Edge, Bing, Xbox Game Pass, and more. Our future growth depends on our ability to transcend current product category definitions, business models, and sales motions. Corporate Social Responsibility
Commitment to Sustainability
Microsoft’s approach to addressing climate change starts with the sustainability of our own business.",,0.593,,addressed_unquantified
MSFT,The partnership will help to accelerate the transition of one of the world's largest sources of carbon to zero emissions.,,,,"In 2020, we committed to being a carbon negative, water positive, and zero waste company by 2030. In May 2023, we released our Environmental Sustainability Report which looked back at our progress during fiscal year 2022. We continued to make progress on our goals, with our overall emissions declining by 0.5 percent. While our Scope 1 and Scope 2 emissions continued to decline, Scope 3 emissions increased by 0.5 percent.",0.5,0.483,,silent
MSFT,"In 2020, Telstra was certified carbon neutral in their operations, and both Microsoft and Telstra have ambitious climate targets and share a commitment to a net zero carbon future.7 >2,400 TerraPraxis and Microsoft entered a strategic collaboration to repurpose over 2,400 coal-fired power plants around the world to run on carbon-free energy.",,,,"•
Using Windows to fuel our cloud business, grow our share of the PC market, and drive increased engagement with our services like Microsoft 365 Consumer, Microsoft Teams, Microsoft Edge, Bing, Xbox Game Pass, and more. Our future growth depends on our ability to transcend current product category definitions, business models, and sales motions. Corporate Social Responsibility
Commitment to Sustainability
Microsoft’s approach to addressing climate change starts with the sustainability of our own business.",,0.526,,silent
MSFT,"Reducing emissions with cloudpowered computing It is estimated that by 2025, Microsoft Azure will run on 100 percent renewable energy.",,,,"•
Using Windows to fuel our cloud business, grow our share of the PC market, and drive increased engagement with our services like Microsoft 365 Consumer, Microsoft Teams, Microsoft Edge, Bing, Xbox Game Pass, and more. Our future growth depends on our ability to transcend current product category definitions, business models, and sales motions. Corporate Social Responsibility
Commitment to Sustainability
Microsoft’s approach to addressing climate change starts with the sustainability of our own business.",,0.613,,addressed_unquantified
MSFT,"Driving collective action We will partner with others to drive deeper engagement to help the world reach net zero, focused on rigorous and consistent carbon accounting and innovation, water access and stress reduction, and the circular economy.",,2030.0,,"•
Engaging our ecosystem: using our balance sheet and relationships with suppliers and partners to foster societal change and create new opportunities. •
Increasing representation and strengthening inclusion: building on our momentum by adding a $150 million investment to strengthen inclusion and double the number of Black, African American, Hispanic, and Latinx leaders in the United States by 2025.",,0.466,,silent
MSFT,"Pursuing climate solutions through computational foundations The Microsoft Climate Research Initiative (MCRI), launched in June 2022, aims to advance the computational foundations, partnerships, and tools needed to achieve a carbon negative future globally.",,,,"Our approach helps to support the sustainability needs of our customers and the global community. Our Microsoft Cloud for Sustainability, an environmental sustainability management platform that includes Microsoft Sustainability Manager, enables organizations to record, report, and reduce their Scope 1, 2, and 3 emissions. These digital tools can interoperate with business systems and unify data intelligence for organizations.",,0.441,,silent
MSFT,"The Microsoft Climate Research Initiative aims to advance the computational foundations, partnerships, and tools needed to achieve a carbon negative future globally.",,,,"•
Using Windows to fuel our cloud business, grow our share of the PC market, and drive increased engagement with our services like Microsoft 365 Consumer, Microsoft Teams, Microsoft Edge, Bing, Xbox Game Pass, and more. Our future growth depends on our ability to transcend current product category definitions, business models, and sales motions. Corporate Social Responsibility
Commitment to Sustainability
Microsoft’s approach to addressing climate change starts with the sustainability of our own business.",,0.528,,silent
MSFT,"With the CIF, we invest in innovative technologies and business models that have the potential for meaningful, measurable climate impact by 2030.",,,,"Measures to contain a global pandemic may intensify other risks described in these Risk Factors. We may incur increased costs to effectively manage these aspects of our business. If we are unsuccessful, it may adversely impact our revenues, cash flows, market share growth, and reputation. The long-term effects of climate change on the global economy and the IT industry in particular are unclear. Environmental regulations or changes in the supply, demand, or available sources of energy or other resources may affect the availability or cost of goods and services, including natural resources, necessary to run our business.",,0.594,,addressed_unquantified
MSFT,The partnership follows our investment in Twelve last year to develop new carbon transformation pathways for SAF production.7 Supporting commercialization with blended capital Our commitment to climate innovation extends through our $100 million grant to the Breakthrough Energy Catalyst platform.,,,,"Scope 3 represented 96 percent of our total emissions, resulting primarily from the operations of our suppliers and the use of our products across our customers. A few examples of our continued progress include:
•
Signed new power purchase agreements, bringing our total portfolio of carbon-free energy to over 13.5 gigawatts. •
Contracted for water replenishment projects that are estimated to provide more than 15.6 million cubic meters in volumetric water benefit over the lifetime of these projects.",,0.45,,silent
MSFT,"When we announced our commitment in 2020 to become carbon negative by 2030, we pledged to use our voice on public policy issues to help advance global decarbonization efforts.",,2025.0,,"In 2020, we committed to being a carbon negative, water positive, and zero waste company by 2030. In May 2023, we released our Environmental Sustainability Report which looked back at our progress during fiscal year 2022. We continued to make progress on our goals, with our overall emissions declining by 0.5 percent. While our Scope 1 and Scope 2 emissions continued to decline, Scope 3 emissions increased by 0.5 percent.",0.5,0.659,,addressed_unquantified
AAPL,"Our approach 68 Listening 69 Achieving change together 71 Supporting communities Appendix 76 A: Environmental data 85 B: Corporate facilities energy supplement 94 C: Supplier Clean Energy Program supplement 99 D: Assurance and review statements 108 E: Environment, Health and Safety Policy 110 F: ISO 14001 certification 112 Report notes 113 End notes Cover photo: Our goal is for all Apple products to have net-zero carbon impact by 2030.",,,,"ing electronic waste, recycling, product design and climate change.",,0.494,,silent
AAPL,"So we set an even more ambitious goal — to make our products carbon neutral by 2030, across our entire supply chain and the lifetime energy use of our customers’ devices.",,,,"ing electronic waste, recycling, product design and climate change.",,0.42,,silent
AAPL,"We’ve sent a clear message that the companies who manufacture our products must decarbonize their entire Apple footprint by 2030, including the use of 100 percent renewable electricity.",,,,"Apple Inc. | 2023 Form 10-K | 6
The Company currently holds a significant number of patents, trademarks and copyrights and has registered, and applied to register, additional patents, trademarks and copyrights. In contrast, many of the Company’s competitors seek to compete primarily through aggressive pricing and very low cost structures, and by imitating the Company’s products and infringing on its intellectual property.",,0.566,,addressed_unquantified
AAPL,"Called on Apple suppliers to decarbonize In October 2022, we urged our worldwide supply chain to decarbonize their entire Apple-related footprint by 2030, including their scope 1 and 2 emissions associated with Apple production.",,2030.0,,"As of September 24, 2022, the Company had
two
vendors that individually represented 10% or more of total vendor non-trade receivables, which accounted for
54
% and
13
%. Apple Inc. | 2023 Form 10-K | 38
Note 5 –
Property, Plant and Equipment
The following table shows the Company’s gross property, plant and equipment by major asset class and accumulated depreciation as of September 30, 2023 and September 24, 2022 (in millions):
Depreciation expense on property, plant and equipment was $
8.5
billion, $
8.7
billion and $
9.5
billion during 2023, 2022 and 2021, respectively.",,0.632,,addressed_unquantified
AAPL,"Climate Change We’re already carbon neutral for our corporate operations, and we’ve set a goal to become carbon neutral for our entire product footprint by 2030.",,,,"ing electronic waste, recycling, product design and climate change.",,0.485,,silent
AAPL,"We plan to get there by reducing our emissions by 75 percent compared with 2015, then investing in highquality carbon removal solutions for the remaining emissions.",75.0,2030.0,,"ing electronic waste, recycling, product design and climate change.",,0.387,,silent
AAPL,We aim to make all our products carbon neutral by 2030 2023,,2030.0,,"ing electronic waste, recycling, product design and climate change.",,0.453,,silent
AAPL,Goal Become carbon neutral for our corporate operations.,,2030.0,,"The Company cannot guarantee that it will achieve its announced environmental, social and governance goals and initiatives. In addition, some stakeholders may disagree with the Company’s goals and initiatives. Any failure, or perceived failure, by the Company to achieve its goals, further its initiatives, adhere to its public statements, comply with federal, state or international environmental, social and governance laws and regulations, or meet evolving and varied stakeholder expectations and standards could result in legal and regulatory proceedings against the Company and materially adversely affect the Company’s business, reputation, results of operations, financial condition and stock price.",,0.449,,silent
AAPL,"Goal Achieve carbon neutrality for our entire carbon footprint, including products, by 2030, reducing related emissions by 75 percent compared with 2015.",75.0,2030.0,,"ing electronic waste, recycling, product design and climate change.",,0.449,,silent
AAPL,"Goal Transition our entire product value chain, including manufacturing and product use, to 100 percent clean electricity by 2030.",,2030.0,1.0,"ing electronic waste, recycling, product design and climate change.",,0.487,,silent
AAPL,"2010 2030 2022 2010 2030 GOAL 2022 2010 2030 GOAL 2022 Highlight As of March 2023, over 250 suppliers have committed to transitioning to 100 percent renewable electricity for their Apple production, with over 85 percent of Apple's direct spend for materials, manufacturing, and assembly of our products worldwide included in those commitments.",,,,"Many of the Company’s competitors seek to compete primarily through aggressive pricing and very low cost structures, and by imitating the Company’s products and infringing on its intellectual property. Apple Inc. | 2023 Form 10-K | 2
The Company’s ability to compete successfully depends heavily on ensuring the continuing and timely introduction of innovative new products, services and technologies to the marketplace.",,0.593,,addressed_unquantified
AAPL,We’ve committed to achieving carbon neutrality across our entire value chain by 2030 — reducing emissions by 75 percent compared with 2015 and balancing the residual emissions with high-quality carbon removal.7,75.0,,,"ing electronic waste, recycling, product design and climate change.",,0.42,,silent
AAPL,This means that our goal to be carbon neutral also extends to all our products.,,2030.0,,"ing electronic waste, recycling, product design and climate change.",,0.404,,silent
AAPL,Apple is also committed to working toward reaching a 90 percent reduction in emissions from our 2015 baseline by 2050.,90.0,,,"While the Company maintains insurance coverage for certain types of claims, such insurance coverage may be insufficient to cover all losses or all types of claims that may arise. Apple Inc. | 2023 Form 10-K | 12
The Company is subject to complex and changing laws and regulations worldwide, which exposes the Company to potential liabilities, increased costs and other adverse effects on the Company’s business.",,0.477,,silent
AAPL,"And while reaching a 90 percent reduction in emissions is outside Apple’s or any one company’s control, Apple is committed to supporting action as part of this global shift: to push for better policies, invest in new technological innovations, and engage in new and expanded partnerships, both public and private.",90.0,2030.0,,"Apple Inc. | 2023 Form 10-K | 7
The Company relies on single-source outsourcing partners in the U.S., Asia and Europe to supply and manufacture many components, and on outsourcing partners primarily located in Asia, for final assembly of substantially all of the Company’s hardware products. Any failure of these partners to perform can have a negative impact on the Company’s cost or supply of components or finished goods.",,0.615,,addressed_unquantified
AAPL,"We use the results of our detailed carbon accounting to adjust our 2030 Climate Roadmap, which lays out our plan to become carbon neutral.",,,,"ing electronic waste, recycling, product design and climate change.",,0.417,,silent
AAPL,"Set ambitious targets: Our plan to reach carbon neutrality by 2030 centers around our strategy to reduce emissions by 75 percent, relative to our 2015 carbon footprint.",75.0,2030.0,,"ing electronic waste, recycling, product design and climate change.",,0.397,,silent
AAPL,"2023 Environmental Progress Report 9 Resources Smarter Chemistry Engagement and Advocacy Appendix Introduction Climate Change Explore all solutions: Reaching our 2030 carbon goal will require scaling proven solutions that are available today, as well as exploring the solutions of the future.",,2030.0,,"ing electronic waste, recycling, product design and climate change.",,0.483,,silent
AAPL,"This includes facilitating the development of new technologies, like direct carbon-free aluminum smelting, adopting novel financial approaches such as the Apple Restore Fund, advancing policies that support a low-carbon economy, and continuing to invest in research and development to enable decarbonizing our products by 2030.",,,,"Apple Inc. | 2023 Form 10-K | 11
Investment in new business strategies and acquisitions could disrupt the Company’s ongoing business, present risks not originally contemplated and materially adversely affect the Company’s business, reputation, results of operations and financial condition. The Company has invested, and in the future may invest, in new business strategies or acquisitions. Such endeavors may involve significant risks and uncertainties, including distraction of management from current operations, greater-than-expected liabilities and expenses, economic, political, legal and regulatory challenges associated with operating in new businesses, regions or countries, inadequate return on capital, potential impairment of tangible and intangible assets, and significant write-offs.",,0.55,,addressed_unquantified
AAPL,Transition our entire product value chain — including manufacturing and our customers’ use of our products — to 100 percent clean electricity by 2030.,,2030.0,,"ing electronic waste, recycling, product design and climate change.",,0.474,,silent
AAPL,Our plan to become carbon neutral by 2030 centers around a 75 percent emissions reduction target compared with our 2015 footprint.,75.0,,,"ing electronic waste, recycling, product design and climate change.",,0.424,,silent
AAPL,"** Future emissions: Future emissions, including offsets and removals, are displayed as a linear trend to reach net-zero carbon emissions by 2030.",,2050.0,,"ing electronic waste, recycling, product design and climate change.",,0.369,,silent
AAPL,"And as we progress toward our 2030 carbon neutrality goal, we continue to investigate new materials and new ways to manufacture efficiently.",,,,"ing electronic waste, recycling, product design and climate change.",,0.485,,silent
AAPL,"And to accelerate collective efforts, we signed on to the First Movers Coalition’s near-zero emissions primary aluminum commitment for 2030 (see more on page 26).",,,,"See the definitions of “large accelerated filer,” “accelerated filer,” “smaller reporting company,” and “emerging growth company” in Rule 12b-2 of the Exchange Act. If an emerging growth company, indicate by check mark if the Registrant has elected not to use the extended transition period for complying with any new or revised financial accounting standards provided pursuant to Section 13(a) of the Exchange Act.",,0.307,,silent
AAPL,Energy efficiency is also essential to meeting our 2030 carbon neutrality goal.,,2030.0,,"ing electronic waste, recycling, product design and climate change.",,0.345,,silent
AAPL,Feature Apple calls on global supply chain to decarbonize by 2030,,,,"Macroeconomic Conditions
Macroeconomic conditions, including inflation, changes in interest rates, and currency fluctuations, have directly and indirectly impacted, and could in the future materially impact, the Company’s results of operations and financial condition. Apple Inc. | 2023 Form 10-K | 20
Segment Operating Performance
The following table shows net sales by reportable segment for 2023, 2022 and 2021 (dollars in millions):
Americas
Americas net sales decreased 4% or $7.1 billion during 2023 compared to 2022 due to lower net sales of iPhone and Mac, partially offset by higher net sales of Services.",,0.591,,addressed_unquantified
AAPL,"At the same time, we’ve set — and continue to advance — clear expectations for our suppliers on the decarbonization required to meet our 2030 goal in the years to come.",,2030.0,,"The Company has entered into agreements for the supply of many components; however, there can be no guarantee that the Company will be able to extend or renew these agreements on similar terms, or at all. Research and Development
Because the industries in which the Company competes are characterized by rapid technological advances, the Company’s ability to compete successfully depends heavily upon its ability to ensure a continual and timely flow of competitive products, services and technologies to the marketplace.",,0.438,,silent
AAPL,"In October 2022, we urged our materials, manufacturing, and assembly partners to decarbonize their entire Apple footprint by 2030, including all their scope 1 and 2 emissions associated with Apple production.",,2030.0,,"Apple Inc. | 2023 Form 10-K | 6
The Company currently holds a significant number of patents, trademarks and copyrights and has registered, and applied to register, additional patents, trademarks and copyrights. In contrast, many of the Company’s competitors seek to compete primarily through aggressive pricing and very low cost structures, and by imitating the Company’s products and infringing on its intellectual property.",,0.587,,addressed_unquantified
AAPL,And supporting our suppliers to adopt renewable energy technologies helps put them in a unique position to drive environmental action in their respective regions and significant progress toward our goal of carbon neutrality by 2030.,,2030.0,,"ing electronic waste, recycling, product design and climate change.",,0.424,,silent
AAPL,That’s why our efforts to facilitate the transition of our entire supply chain to 100 percent renewable electricity are essential to reaching our 2030 goal of carbon neutrality.,,2030.0,,"Global climate change is resulting in certain types of natural disasters, such as droughts, floods, hurricanes and wildfires, occurring more frequently or with more intense effects. Such events can make it difficult or impossible for the Company to manufacture and deliver products to its customers, create delays and inefficiencies in the Company’s supply and manufacturing chain, and result in slowdowns and outages to the Company’s service offerings, and negatively impact consumer spending and demand in affected areas.",,0.352,,silent
AAPL,"As of March 2023, over 250 suppliers making up over 85 percent of Apple’s direct spend for materials, manufacturing, and assembly of our products worldwide have committed to using renewable electricity for their Apple production.",,,,"Apple Inc. | 2023 Form 10-K | 7
The Company relies on single-source outsourcing partners in the U.S., Asia and Europe to supply and manufacture many components, and on outsourcing partners primarily located in Asia, for final assembly of substantially all of the Company’s hardware products. Any failure of these partners to perform can have a negative impact on the Company’s cost or supply of components or finished goods.",,0.655,,addressed_unquantified
AAPL,Operational Committed FY16 FY17 FY18 FY19 FY20 FY21 FY22 Gigawatts 4 8 16 20 12 2023 Environmental Progress Report 22 Resources Smarter Chemistry Engagement and Advocacy Appendix Introduction Climate Change,,,,"ing electronic waste, recycling, product design and climate change.",,0.473,,silent
AAPL,Apple employees are passionate about the environment and are driven to help meet our 2030 carbon neutrality goal.,,,,"Apple Inc. | 2023 Form 10-K | 6
The Company currently holds a significant number of patents, trademarks and copyrights and has registered, and applied to register, additional patents, trademarks and copyrights. In contrast, many of the Company’s competitors seek to compete primarily through aggressive pricing and very low cost structures, and by imitating the Company’s products and infringing on its intellectual property.",,0.534,,silent
AAPL,When Apple committed to running our business on 100 percent renewable electricity in 2013 — a goal we met for our facilities in 2018 — we were early leaders in this transition.,,2030.0,,"Apple Inc. | 2023 Form 10-K | 11
Investment in new business strategies and acquisitions could disrupt the Company’s ongoing business, present risks not originally contemplated and materially adversely affect the Company’s business, reputation, results of operations and financial condition. The Company has invested, and in the future may invest, in new business strategies or acquisitions. Such endeavors may involve significant risks and uncertainties, including distraction of management from current operations, greater-than-expected liabilities and expenses, economic, political, legal and regulatory challenges associated with operating in new businesses, regions or countries, inadequate return on capital, potential impairment of tangible and intangible assets, and significant write-offs.",,0.523,,silent
AAPL,"2023 Environmental Progress Report 26 Resources Smarter Chemistry Engagement and Advocacy Appendix Introduction Climate Change Carbon removal Our 2030 Climate Roadmap aims to reduce our emissions by 75 percent compared with 2015 levels, as well as scale up carbon removal strategies to address the remaining emissions that we can’t yet avoid.",75.0,,,"ing electronic waste, recycling, product design and climate change.",,0.502,,silent
AAPL,That’s why we’re expanding naturebased investments to support our goal of achieving carbon neutrality across our full product life cycle by 2030.,,2030.0,1.0,"ing electronic waste, recycling, product design and climate change.",,0.452,,silent
AAPL,"High-quality carbon offsets as an interim solution We plan to reach our goal of becoming carbon neutral across our entire value chain by 2030, using a wide range of solutions at our disposal, prioritizing significant emissions reductions and long-term carbon removal initiatives like the Restore Fund.",,,,"ing electronic waste, recycling, product design and climate change.",,0.407,,silent
AAPL,"2023 Environmental Progress Report 29 Resources Smarter Chemistry Engagement and Advocacy Appendix Introduction Climate Change 2015 (U.S.): Apple joined the White House’s American Business Act on Climate Pledge, in which participating companies voiced support for a strong outcome at the COP21 in Paris and demonstrated an ongoing commitment to climate action.",,2030.0,,"ing electronic waste, recycling, product design and climate change.",,0.499,,silent
AAPL,Apple called on European leaders to increase their climate ambition to achieve targets of at least 55 percent greenhouse gas emissions reductions by 2030 and carbon neutrality by 2050.,55.0,,,"Apple Inc. | 2023 Form 10-K | 46
Note 13 –
Segment Information and Geographic Data
The Company manages its business primarily on a geographic basis. The Company’s reportable segments consist of the Americas, Europe, Greater China, Japan and Rest of Asia Pacific. Americas includes both North and South America. Europe includes European countries, as well as India, the Middle East and Africa. Greater China includes China mainland, Hong Kong and Taiwan.",,0.485,,silent
AAPL,2021 (U.S.): Apple became the first company to voice support for the enactment of the Clean Energy Standard (CES) that would decarbonize the power grid by 2035.,,,,"In our opinion, the financial statements present fairly, in all material respects, the financial position of Apple Inc. at September 30, 2023 and September 24, 2022, and the results of its operations and its cash flows for each of the three years in the period ended September 30, 2023, in conformity with U.S. generally accepted accounting principles. We also have audited, in accordance with the standards of the Public Company Accounting Oversight Board (United States) (the “PCAOB”), Apple Inc.’s internal control over financial reporting as of September 30, 2023, based on criteria established in
Internal Control – Integrated Framework
issued by the Committee of Sponsoring Organizations of the Treadway Commission (2013 framework) and our report dated November 2, 2023 expressed an unqualified opinion thereon.",,0.506,,silent
AAPL,"2022 (South Korea): Apple spoke at the carbon neutrality conference calling for Korea’s 2030 energy plan to set a higher target for renewable energy, a more fair competitive market for renewables, and improved transparency for renewable energy solutions.",,,,"Apple Inc. | 2023 Form 10-K | 46
Note 13 –
Segment Information and Geographic Data
The Company manages its business primarily on a geographic basis. The Company’s reportable segments consist of the Americas, Europe, Greater China, Japan and Rest of Asia Pacific. Americas includes both North and South America. Europe includes European countries, as well as India, the Middle East and Africa. Greater China includes China mainland, Hong Kong and Taiwan.",,0.516,,silent
AAPL,"2022 (U.S.): Apple, along with Meta and Google, advocated for greatly expanded renewable generation to achieve a 70 percent reduction in emissions in the state through intervention in the North Carolina Carbon Plan proceeding.",70.0,,,"Apple Inc. | 2023 Form 10-K | 46
Note 13 –
Segment Information and Geographic Data
The Company manages its business primarily on a geographic basis. The Company’s reportable segments consist of the Americas, Europe, Greater China, Japan and Rest of Asia Pacific. Americas includes both North and South America. Europe includes European countries, as well as India, the Middle East and Africa. Greater China includes China mainland, Hong Kong and Taiwan.",,0.485,,silent
AAPL,"2023 Environmental Progress Report 38 Climate Change Smarter Chemistry Engagement and Advocacy Appendix Introduction Resources We’re closing in on our goal to eliminate plastics from our packaging by 2025.48 To get this far, we’ve addressed many packaging components that typically rely on plastic, including large product trays, screen films, wraps, and foam cushioning, replacing each with fiber alternatives.",,,,"ing electronic waste, recycling, product design and climate change.",,0.581,,addressed_unquantified
AAPL,Product longevity not only makes for a better customer experience but also is an important aspect of conserving Earth’s finite resources and meeting our 2030 carbon neutrality goal.,,,,"ing electronic waste, recycling, product design and climate change.",,0.465,,silent
AAPL,"This circularity ambition is an integral part of our strategy to meet our goal of being fully carbon neutral in 2030, including across the lifetime use of our products.",,,,"ing electronic waste, recycling, product design and climate change.",,0.377,,silent
AAPL,"In Asia, we spoke at a carbon neutrality conference calling for Korea’s 2030 energy plan to increase the ambition of its target for renewable energy solutions.",,2030.0,,"ing electronic waste, recycling, product design and climate change.",,0.336,,silent
AAPL,"An example of this is our commitment to 100 percent renewable electricity with members in markets across the globe through RE100, an energy initiative aiming to scale zero carbon grids by uniting the world’s most influential businesses committed to transitioning their electricity use to entirely renewables.",,,,"The Company has entered into agreements for the supply of many components; however, there can be no guarantee that the Company will be able to extend or renew these agreements on similar terms, or at all. Research and Development
Because the industries in which the Company competes are characterized by rapid technological advances, the Company’s ability to compete successfully depends heavily upon its ability to ensure a continual and timely flow of competitive products, services and technologies to the marketplace.",,0.316,,silent
AAPL,"Each company selected is at least 51 percent owned, operated, and controlled by a Black-, Hispanic/Latinx-, or Indigenous individual and aligns closely with our environmental strategy, including our commitment to become carbon neutral by 2030.",,2030.0,,"Expectations relating to environmental, social and governance considerations and related reporting obligations expose the Company to potential liabilities, increased costs, reputational harm, and other adverse effects on the Company’s business. Many governments, regulators, investors, employees, customers and other stakeholders are increasingly focused on environmental, social and governance considerations relating to businesses, including climate change and greenhouse gas emissions, human and civil rights, and diversity, equity and inclusion.",,0.457,,silent
AAPL,"As the Mesa data center grew, it became apparent that we needed additional sources of renewable energy to maintain our 100 percent renewable electricity goal.",,,,"Therefore, many components used by the Company, including those that are available from multiple sources, are at times subject to industry-wide shortage and significant commodity pricing fluctuations. The Company uses some custom components that are not commonly used by its competitors, and new products introduced by the Company often utilize custom components available from only one source. When a component or product uses new technologies, initial capacity constraints may exist until the suppliers’ yields have matured or their manufacturing capacities have increased.",,0.293,,silent
AAPL,"As of March 2023, over 250 manufacturing partners in 28 countries have committed to 100 percent renewable electricity for Apple production (see below for the suppliers participating).",,,,"Apple Inc. | 2023 Form 10-K | 7
The Company relies on single-source outsourcing partners in the U.S., Asia and Europe to supply and manufacture many components, and on outsourcing partners primarily located in Asia, for final assembly of substantially all of the Company’s hardware products. Any failure of these partners to perform can have a negative impact on the Company’s cost or supply of components or finished goods.",,0.678,,addressed_unquantified
AAPL,"Launch of the China Clean Energy Fund, which enables Apple and our suppliers to invest in more than 1 gigawatt of renewable energy in China 2022 Apple called on its global supply chain to decarbonize by 2030 2015",,2030.0,,"Apple Inc. | 2023 Form 10-K | 5
The Company has a large, global business with sales outside the U.S. representing a majority of the Company’s total net sales, and the Company believes that it generally benefits from growth in international trade. Substantially all of the Company’s manufacturing is performed in whole or in part by outsourcing partners located primarily in China mainland, India, Japan, South Korea, Taiwan and Vietnam.",,0.554,,addressed_unquantified
AAPL,* Asterisks denote suppliers that have newly committed to 100 percent renewable electricity (since March 2022).,,2035.0,,untsReceivableMember aapl:CellularNetworkCarriersMember us-gaap:CreditConcentrationRiskMember 2021-09-26 2022-09-24 0000320193 aapl:NonTradeReceivableMember us-gaap:CreditConcentrationRiskMember 2023-09-30 aapl:Vendor 0000320193 aapl:NonTradeReceivableMember aapl:VendorOneMember us-gaap:CreditConcentrationRiskMember 2022-09-25 2023-09-30 0000320193 aapl:NonTradeReceivableMember aapl:VendorTwoMember us-gaap:CreditConcentrationRiskMember 2022-09-25 2023-09-30 0000320193 aapl:NonTradeReceivableMember us-gaap:CreditConcentrationRiskMember 2022-09-24 0000320193 aapl:NonTradeReceivableMember aapl:VendorOneMember us-gaap:CreditConcentrationRiskMember 2021-09-26 2022-09-24 0000320193 aapl:NonTradeReceivableMember aapl:VendorTwoMember us-gaap:CreditConcentrationRiskMember 2021-09-26 2022-09-24 0000,,0.348,,silent
AAPL,* Asterisks denote suppliers that have newly committed to 100 percent renewable electricity (since March 2022).,,,,untsReceivableMember aapl:CellularNetworkCarriersMember us-gaap:CreditConcentrationRiskMember 2021-09-26 2022-09-24 0000320193 aapl:NonTradeReceivableMember us-gaap:CreditConcentrationRiskMember 2023-09-30 aapl:Vendor 0000320193 aapl:NonTradeReceivableMember aapl:VendorOneMember us-gaap:CreditConcentrationRiskMember 2022-09-25 2023-09-30 0000320193 aapl:NonTradeReceivableMember aapl:VendorTwoMember us-gaap:CreditConcentrationRiskMember 2022-09-25 2023-09-30 0000320193 aapl:NonTradeReceivableMember us-gaap:CreditConcentrationRiskMember 2022-09-24 0000320193 aapl:NonTradeReceivableMember aapl:VendorOneMember us-gaap:CreditConcentrationRiskMember 2021-09-26 2022-09-24 0000320193 aapl:NonTradeReceivableMember aapl:VendorTwoMember us-gaap:CreditConcentrationRiskMember 2021-09-26 2022-09-24 0000,,0.348,,silent
AAPL,We plan to reach carbon neutrality beginning with our fiscal year 2030 carbon footprint.,,,,"ing electronic waste, recycling, product design and climate change.",,0.367,,silent
AAPL,The Science Based Targets initiative (SBTi) has validated the following emissions reduction target for Apple: 61.7 percent by fiscal year 2030 relative to our fiscal year 2019 emissions.,61.7,,,"Also, projections of any evaluation of effectiveness to future periods are subject to the risk that controls may become inadequate because of changes in conditions, or that the degree of compliance with the policies or procedures may deteriorate. /s/ Ernst & Young LLP
San Jose, California
November 2, 2023
Apple Inc. | 2023 Form 10-K | 51
Item 9. Changes in and Disagreements with Accountants on Accounting and Financial Disclosure
None.",,0.424,,silent
AAPL,"This SBTi-validated target is derived from our target to reduce emissions by 75 percent by fiscal year 2030 relative to 2015, with a base year of 2019 instead.",75.0,2025.0,,"Discussions of 2021 items and year-to-year comparisons between 2022 and 2021 are not included, and can be found in “Management’s Discussion and Analysis of Financial Condition and Results of Operations” in Part II, Item 7 of the Company’s Annual Report on Form 10-K for the fiscal year ended September 24, 2022. Fiscal Period
The Company’s fiscal year is the 52- or 53-week period that ends on the last Saturday of September.",,0.335,,silent
AAPL,We plan to reach carbon neutrality beginning with our fiscal year 2030 carbon footprint.,,,,"ing electronic waste, recycling, product design and climate change.",,0.367,,silent
JPM,"We are investing in the future of the workplace, focusing on well-being and frm culture, and embarking on construction of our new global headquarters in Manhattan, planned to be a zero-emissions building with state-of-the-art space for our employees.",,,,"The Firm has global Diversity, Equity & Inclusion centers of excellence that lead the Firm’s strategy in supporting its commitments to create more equity and lasting impact in communities, and strengthen its inclusive culture. Attracting and retaining employees
The goal of JPMorgan Chase’s recruitment efforts is to attract and hire talented individuals in all roles and at all career levels. The Firm strives to provide both external candidates and internal employees who are seeking a different role with challenging and stimulating career opportunities.",,0.363,,silent
JPM,"In 2021, we set our Sustainable Development Target (the “Target”) with the goal to fnance and facilitate more than $2.5 trillion over 10 years—from 2021 through the end of 2030— to advance long-term solutions that address climate change and contribute to sustainable development.",,,,"The program ended on May 31, 2021 for new applications. (a)
Includes card income of $1.0 billion, $910 million and $840 million for the years ended December 31, 2022, 2021 and 2020, respectively. (b)
Includes tax-equivalent adjustments, predominantly due to income tax credits and other tax benefits related to alternative energy investments; income tax credits and amortization of the cost of investments in affordable housing projects; and tax-exempt income from municipal bonds of $3.0 billion, $3.0 billion and $2.4 billion for the years ended December 31, 2022, 2021 and 2020, respectively.",,0.408,,silent
JPM,"Our end-of-2030 goal corresponds with the timeframe we set to meet our initial emission intensity reduction targets within our fnancing portfolio (see page 17), as well as the timeframe set by the United Nations for achieving the United Nations Sustainable Development Goals (“SDGs”).",,,,"(c)
For the years ended December 31, 2022, 2021 and 2020, the percentage represents average ratios for the three months ended December 31, 2022, 2021 and 2020. (d)
As of December 31, 2022, 2021 and 2020, the capital metrics reflect the relief provided by the Federal Reserve Board in response to the COVID-19 pandemic, including the Current Expected Credit Losses (""CECL"") capital transition provisions.",,0.439,,silent
JPM,"The deal not only helps ENEOS make progress toward its own net-zero emission by 2040 target—which includes reduction of Scope 1 and 2 emissions through GHG reduction at oil refneries, carbon capture and storage, and CO2 removal, such as forecast absorption—but also helps ENEOS to achieve a 2050 target: to work together with the Japanese government and other companies to reduce Scope 3 emissions by supplying clean energy, such as renewable energy and CO2-free hydrogen.",,,,"ss activities on environmental, social and governance (“ESG”) matters, and the management of climate and ESG-related risks
•
isolationist foreign policies
•
an outbreak or escalation of hostilities, or other geopolitical instabilities
•
economic or financial sanctions
•
the implementation of tariffs and other protectionist trade policies, or
•
other governmental policies or actions adopted or taken in response to political or social pressures.",,0.412,,silent
JPM,"Published net-zero aligned portfolio-level emission intensity targets for three new sectors— Iron & Steel, Cement and Aviation • Began process of implementing an internal price on carbon •",,2030.0,,"Transition risks arise from societal adjustment to a lower-carbon economy, such as changes in public policy, adoption of new technologies or changes in consumer preferences towards low-carbon goods and services. These risks could also be influenced by changes in the physical climate. Potential adverse impacts of transition risks include:
•
sudden devaluation of assets, including unanticipated write-downs (“stranded assets”)
•
increased operational and compliance costs driven by changes in climate policy
•
increased energy costs driven by governmental actions and initiatives such as higher taxation and accelerated decarbonization policies
•
negative consequences to business models, and the need to make changes in response to those consequences, and
•
damage to JPMorgan Chase’s reputation, including due to any perception that its business practices are
contrary to public policy or the preferences of different stakeholders.",,0.429,,silent
JPM,"In April 2021, we announced a target to fnance and facilitate $1 trillion toward green initiatives that support climate action by the end of 2030 as part of our broader $2.5 trillion Sustainable Development Target.",,,,"(f)
At December 31, 2022 and 2021, includes guarantees to the Fixed Income Clearing Corporation under the sponsored member repo program and commitments and guarantees associated with the Firm’s membership in certain clearing houses. (g)
At December 31, 2022 and 2021,
primarily includes unfunded commitments related to certain tax-oriented equity investments, unfunded commitments to purchase secondary market loans, and other equity investment commitments.",,0.418,,silent
JPM,This unique solution allows for a practical multi-asset strategy solution to address the client’s needs for implementable carbon reduction targets as part of their net-zero ambitions.,,,,"Asset Management
Offers multi-asset investment management solutions across equities, fixed income, alternatives and money market funds to institutional and retail investors providing for a broad range of clients’ investment needs. Global Private Bank
Provides retirement products and services, brokerage, custody, estate planning, lending, deposits and investment management to high net worth clients.",,0.442,,silent
JPM,"A key aspect of our strategy is how we engage with our clients who operate in carbon- intensive industries, with the goal of accelerating the low-carbon transition and encouraging near-term actions that will set a path for global achievement of net-zero emissions.",,,,"Transition risks arise from societal adjustment to a lower-carbon economy, such as changes in public policy, adoption of new technologies or changes in consumer preferences towards low-carbon goods and services. These risks could also be influenced by changes in the physical climate. Potential adverse impacts of transition risks include:
•
sudden devaluation of assets, including unanticipated write-downs (“stranded assets”)
•
increased operational and compliance costs driven by changes in climate policy
•
increased energy costs driven by governmental actions and initiatives such as higher taxation and accelerated decarbonization policies
•
negative consequences to business models, and the need to make changes in response to those consequences, and
•
damage to JPMorgan Chase’s reputation, including due to any perception that its business practices are
contrary to public policy or the preferences of different stakeholders.",,0.486,,silent
JPM,Net Zero Emissions by 2050 Scenario (“NZE”).,,2030.0,,"Transition risks arise from societal adjustment to a lower-carbon economy, such as changes in public policy, adoption of new technologies or changes in consumer preferences towards low-carbon goods and services. These risks could also be influenced by changes in the physical climate. Potential adverse impacts of transition risks include:
•
sudden devaluation of assets, including unanticipated write-downs (“stranded assets”)
•
increased operational and compliance costs driven by changes in climate policy
•
increased energy costs driven by governmental actions and initiatives such as higher taxation and accelerated decarbonization policies
•
negative consequences to business models, and the need to make changes in response to those consequences, and
•
damage to JPMorgan Chase’s reputation, including due to any perception that its business practices are
contrary to public policy or the preferences of different stakeholders.",,0.405,,silent
JPM,"Our eforts are guided by several of our key operational sustainability targets, including reducing Scope 1 and 2 emissions by 40% by 2030, sourcing renewable energy for 100% of our global power needs annually, satisfying at least 70% of our renewable energy goal with on-site generation and long-term renewable energy contracts by 2025, and maintaining carbon neutral operations annually.",40.0,,,"These expectations address bank strategy, governance, risk management, scenario analysis, risk reporting and disclosure. Policymakers in the EU have continued to implement sustainability-related initiatives. In December 2022, the Corporate Sustainability Reporting Directive (“CSRD”) was published in the Official Journal of the EU. The CSRD will replace and significantly expand the scope and content of ESG reporting requirements under the EU’s existing ESG reporting rules.",,0.507,,silent
JPM,We are committed to maintaining carbon neutral operations each year going forward.,,,,"CSRD reporting requirements will be phased in beginning in 2024. In addition, the EC published its legislative proposal on the Corporate Sustainability Due Diligence Directive (“CSDDD”) in February 2022. The draft directive sets mandatory due diligence obligations for companies to address actual and potential human rights violations and environmental adverse impacts stemming from their own operations and business relationships, including the activities of companies with which they have established business relationships.",,0.434,,silent
WMT,"This spring, we hit a major milestone with Project Gigaton™: We are halfway toward our goal to reduce or avoid one billion metric tons of greenhouse gases from the global supply chain by 2030.",,,,"To help address the effects of climate change, Walmart has set science-based targets for emissions reduction, including our goal to achieve zero emissions in our operations by 2040—without offsets—and to reduce or avoid one billion metric tons of emissions in our value chain by 2030 under our Project Gigaton™ initiative. •
Community
. Walmart aims to serve and strengthen communities
by operating our business in a way that meets the needs of our customer and community stakeholder groups, including by providing safer, healthier and more affordable food and other products, disaster support, associate volunteerism, local grant programs and community cohesion initiatives.",,0.589,,addressed_unquantified
WMT,37 38 27 ETHICS & INTEGRITY COMMUNITY SUSTAINABILITY OPPORTUNITY INTRODUCTION MITIGATION Walmart has committed to science-based targets (SBTs) for emissions reduction—including achieving a 35% reduction in absolute scopes 1 & 2 emissions by 2025 and a 65% reduction by 2030 (vs. 2015 base year)—on the way to achieving zero emissions in our operations by 2040.,35.0,,,"To help address the effects of climate change, Walmart has set science-based targets for emissions reduction, including our goal to achieve zero emissions in our operations by 2040—without offsets—and to reduce or avoid one billion metric tons of emissions in our value chain by 2030 under our Project Gigaton™ initiative. •
Community
. Walmart aims to serve and strengthen communities
by operating our business in a way that meets the needs of our customer and community stakeholder groups, including by providing safer, healthier and more affordable food and other products, disaster support, associate volunteerism, local grant programs and community cohesion initiatives.",,0.674,,addressed_unquantified
WMT,"We are also committed to engaging suppliers through Project Gigaton™, an ambitious effort to reduce or avoid one billion metric tons (a gigaton) of GHG emissions in the global value chain by 2030.",,,,"To help address the effects of climate change, Walmart has set science-based targets for emissions reduction, including our goal to achieve zero emissions in our operations by 2040—without offsets—and to reduce or avoid one billion metric tons of emissions in our value chain by 2030 under our Project Gigaton™ initiative. •
Community
. Walmart aims to serve and strengthen communities
by operating our business in a way that meets the needs of our customer and community stakeholder groups, including by providing safer, healthier and more affordable food and other products, disaster support, associate volunteerism, local grant programs and community cohesion initiatives.",,0.565,,addressed_unquantified
WMT,"Intended to get immediate traction with suppliers on actions to reduce and avoid emissions, with 2030 serving as an interim milestone toward the Paris Agreement’s 2050 date • Serves as a platform to engage and encourage our suppliers to take action in arenas key to net‑zero supply chains: energy, nature, waste, packaging, transportation and product use & design • Annual opportunity for suppliers to report on specific actions taken that are translated via calculators into metric tons of CO2e.",,,,"To help address the effects of climate change, Walmart has set science-based targets for emissions reduction, including our goal to achieve zero emissions in our operations by 2040—without offsets—and to reduce or avoid one billion metric tons of emissions in our value chain by 2030 under our Project Gigaton™ initiative. •
Community
. Walmart aims to serve and strengthen communities
by operating our business in a way that meets the needs of our customer and community stakeholder groups, including by providing safer, healthier and more affordable food and other products, disaster support, associate volunteerism, local grant programs and community cohesion initiatives.",,0.504,,silent
WMT,"ADVOCACY Walmart has a Board‑adopted climate policy and advocates for 1.5° Celsius-aligned, science-based national and international climate policies that are consistent with achieving net-zero emissions by 2050 and fairly and equitably addressing the needs of all stakeholders.",,,,"To help address the effects of climate change, Walmart has set science-based targets for emissions reduction, including our goal to achieve zero emissions in our operations by 2040—without offsets—and to reduce or avoid one billion metric tons of emissions in our value chain by 2030 under our Project Gigaton™ initiative. •
Community
. Walmart aims to serve and strengthen communities
by operating our business in a way that meets the needs of our customer and community stakeholder groups, including by providing safer, healthier and more affordable food and other products, disaster support, associate volunteerism, local grant programs and community cohesion initiatives.",,0.736,,addressed_unquantified
CVX,"We’re actively working to end routine faring by 2030, and we’re sharing what we’ve learned with others through the Global Methane Pledge and the Oil and Gas Climate Initiative’s Aiming for Zero Methane Emissions Initiative.",,,,"The company’s traditional oil and gas business may increase or decrease depending upon regulatory or market forces, among other factors. In 2021, Chevron announced the following aspiration and targets that are aligned with its lower carbon strategy:
2050 Net Zero Upstream Aspiration
Chevron aspires to achieve net zero for upstream production Scope 1 and 2 GHG emissions on an equity basis by 2050. The company believes accomplishing this aspiration depends on, among other things, partnerships with multiple stakeholders including customers, continuing progress on commercially viable technology, government policy, successful negotiations for carbon capture and storage and nature-based projects, availability and acceptability of cost-effective, verifiable offsets in the global market, and granting of necessary permits by governing authorities.",,0.493,,silent
CVX,"We’re advancing renewable fuels production capacity toward our target of 100,000 barrels per day by 2030.",,,,"The average natural gas realization was $5.55 per thousand cubic feet in 2022, compared with $3.11 in 2021. Net oil-equivalent production in 2022 averaged 1.18 million barrels per day, up 4 percent from 2021. The increase was primarily due to net production increases in the Permian Basin. The net liquids component of oil-equivalent production for 2022 averaged 888,000 barrels per day, up 3 percent from 2021.",,0.627,,addressed_unquantified
CVX,"Chevron 2022 Corporate Sustainability Report 15 at chevron, we believe the future of energy is lower carbon, and we support the global net zero ambitions of the paris agreement Upstream net zero 2050 aspiration In 2021, we announced our aspiration to achieve net zero upstream emissions (Scope 1 and 2) by 2050.",,,,"The company’s traditional oil and gas business may increase or decrease depending upon regulatory or market forces, among other factors. In 2021, Chevron announced the following aspiration and targets that are aligned with its lower carbon strategy:
2050 Net Zero Upstream Aspiration
Chevron aspires to achieve net zero for upstream production Scope 1 and 2 GHG emissions on an equity basis by 2050. The company believes accomplishing this aspiration depends on, among other things, partnerships with multiple stakeholders including customers, continuing progress on commercially viable technology, government policy, successful negotiations for carbon capture and storage and nature-based projects, availability and acceptability of cost-effective, verifiable offsets in the global market, and granting of necessary permits by governing authorities.",,0.84,,addressed_unquantified
CVX,"In 2021, we announced our aspiration to achieve net zero upstream emissions (Scope 1 and 2) by 2050.",,,,"Our aspirations, targets and disclosures related to ESG matters subject us to numerous risks that may negatively impact our reputation and stock price or result in other material adverse impacts to the company
Chevron has announced an aspiration to achieve net zero Scope 1 and 2 emissions in upstream by 2050. The company also has set nearer-term GHG emission-related targets for zero routine flaring, upstream carbon intensity, and portfolio carbon intensity.",,0.734,,addressed_unquantified
CVX,"In 2021, we announced our aspiration to achieve net z ero upstream emissions (Scope 1 and 2) by 2050.",,,,"Our aspirations, targets and disclosures related to ESG matters subject us to numerous risks that may negatively impact our reputation and stock price or result in other material adverse impacts to the company
Chevron has announced an aspiration to achieve net zero Scope 1 and 2 emissions in upstream by 2050. The company also has set nearer-term GHG emission-related targets for zero routine flaring, upstream carbon intensity, and portfolio carbon intensity.",,0.645,,addressed_unquantified
CVX,"We believe addressing methane emissions is a key part of being a responsible producer of oil, products and natural gas. 2.0 kg CO₂e/boe target upstream methane intensity by 2028 Reducing methane intensity To evolve facility designs, we’re reengineering process controls and systems to help remove, reduce or prevent methane venting as part of normal operations.",,,,"GHG emissions that may be directly regulated through such efforts include, among others, those associated with the company’s exploration and production of
23
hydrocarbons; the upgrading of production from oil sands into synthetic oil; power generation; the conversion of crude oil and natural gas into refined hydrocarbon products; the processing, liquefaction, and regasification of natural gas; the transportation of crude oil, natural gas, and related products; and customers’ and consumers’ use of the company’s hydrocarbon products.",,0.631,,addressed_unquantified
CVX,global methane pledge Chevron supports the effort to reduce global human-made methane emissions by at least 30% from 2020 levels by 2030.,30.0,2040.0,1.0,"International agreements and national, regional, and state legislation and regulatory measures that aim to directly or indirectly limit or reduce GHG emissions are in various stages of implementation. Legislation, regulation, and other government actions related to GHG emissions and climate change could reduce demand for Chevron’s hydrocarbon and other products and/or continue to increase Chevron’s operational costs.",,0.647,,addressed_unquantified
CVX,Chevron supports the effort to reduce global human-made methane emissions by at least 30% from 2020 levels by 2030.,30.0,,,"International agreements and national, regional, and state legislation and regulatory measures that aim to directly or indirectly limit or reduce GHG emissions are in various stages of implementation. Legislation, regulation, and other government actions related to GHG emissions and climate change could reduce demand for Chevron’s hydrocarbon and other products and/or continue to increase Chevron’s operational costs.",,0.661,,addressed_unquantified
CVX,"71 g CO₂e/MJ target portfolio carbon intensity (Scope 1, 2 and 3) by 2028 chevron supports •",,,,"The company also targets no routine flaring by 2030. We have set 2016 as our baseline to align with the year the Paris Agreement entered into force, and the company plans to update the metrics every five years in line with the Paris Agreement stocktakes. We believe these updates will provide additional transparency on the company’s progress toward its net zero aspiration. 2028 Portfolio Carbon Intensity Target
The company also introduced a portfolio carbon intensity (PCI) metric, which is a measure of the carbon intensity across the full value chain of Chevron’s entire business.",,0.63,,addressed_unquantified
CVX,"100 mbd renewable fuels 25 mmtpa carbon capture and ofsets 2030 150 mtpa hydrogen¹ targets 40,000 mmbtu/d renewable natural gas accelerating actions on renewable fuels targets Renewable fuels can help reduce the lifecycle carbon intensity of transportation fuels while meeting the world’s growing energy needs.",,,,"As discussed below, in 2021, the company announced planned capital spend of approximately $10 billion through 2028 in lower carbon investments. Although the future is uncertain, many published outlooks conclude that fossil fuels will remain a significant part of an energy system that increasingly incorporates lower carbon sources of supply for many years to come. Chevron supports the Paris Agreement’s global approach to governments addressing climate change and continues to take actions to help lower the carbon intensity of its operations while continuing to meet the demand for energy.",,0.491,,silent
CVX,"Chevron intends to grow our renewable fuels production capacity to 100,000 barrels per day by 2030.",,,,"Imported crude oil accounted for about
60
percent of Chevron’s U.S. refinery inputs in both 2022 and 2021. In the United States, the company continued work on projects aimed at improving refinery flexibility and reliability. The Pasadena Refinery received regulatory approval for a project that is expected to increase light crude oil throughput capacity to 125,000 barrels per day in 2024. This project is expected to allow the company to run more equity crude from the Permian Basin, supply more products to customers in the U.S. Gulf Coast and realize synergies with the company’s Pascagoula refinery.",,0.674,,addressed_unquantified
CVX,"We aim to grow production of renewable natural gas (RNG) to 40,000 mmbtu/d by 2030.",,2050.0,,"Net natural gas production averaged 1.76 billion cubic feet per day in 2022, an increase of 4 percent from 2021. 39
International Upstream
International upstream reported earnings of $17.7 billion in 2022, compared with $8.5 billion in 2021. The increase was primarily due to higher realizations of $10.0 billion, lower operating expenses, lower depreciation, depletion and amortization related to end of concessions in Indonesia and Thailand of $1.3 billion and asset sale gains of $220 million.",,0.609,,addressed_unquantified
CVX,"Chevron 2022 Corporate Sustainability Report 20 generating of sets and achieving lower carbon ambitions Chevron believes offsets, along with other lower carbo n solutions, will be needed to achieve global net zero.",,,,"The company’s traditional oil and gas business may increase or decrease depending upon regulatory or market forces, among other factors. In 2021, Chevron announced the following aspiration and targets that are aligned with its lower carbon strategy:
2050 Net Zero Upstream Aspiration
Chevron aspires to achieve net zero for upstream production Scope 1 and 2 GHG emissions on an equity basis by 2050. The company believes accomplishing this aspiration depends on, among other things, partnerships with multiple stakeholders including customers, continuing progress on commercially viable technology, government policy, successful negotiations for carbon capture and storage and nature-based projects, availability and acceptability of cost-effective, verifiable offsets in the global market, and granting of necessary permits by governing authorities.",,0.64,,addressed_unquantified
CVX,"The new organization, Chevron Renewable Energy Group (CREG), based in Ames, Iowa, will help us achieve our renewable fuels production capacity target of 100,000 barrels per day by 2030.",,,,"In 2022, Chevron was one of the largest crude oil producers in California with a net daily oil equivalent production of 87,800 barrels. The California operations support Chevron’s efforts to progress
its
lower carbon technologies with investments in geothermal and carbon capture pilots. These include the Baseload Capital pilot to utilize waste heat from existing oilfield operations
and
the Svante pilot to capture carbon dioxide from combustion of natural gas.",,0.591,,addressed_unquantified
CVX,The table below tracks annual progress toward our 2028 GHG emissions intensity targets.,,2030.0,1.0,"2028 Upstream Production GHG Intensity Targets
These metrics include Scope 1, direct emissions, and Scope 2, indirect emissions from imported electricity and steam, and are net of emissions from exported electricity and steam. The targeted 2028 reductions from 2016 on an equity ownership basis include a:
•
40 percent reduction in oil production GHG intensity to 24 kilograms (kg) carbon dioxide equivalent per barrel of oil-equivalent (CO
2
e/boe),
•
26 percent reduction in gas production GHG intensity to 24 kg CO
2
e/boe,
33
•
53 percent reduction in methane intensity to 2 kg CO
2
e/boe, and
•
66 percent reduction in flaring GHG intensity to 3 kg CO
2
e/boe.",40.0,0.648,,addressed_unquantified
CVX,Net zero upstream aspiration (Scope 1 and 2) Chevron aspires to reach net zero upstream emissions (Scope 1 and 2) by 2050.,,,,"Our aspirations, targets and disclosures related to ESG matters subject us to numerous risks that may negatively impact our reputation and stock price or result in other material adverse impacts to the company
Chevron has announced an aspiration to achieve net zero Scope 1 and 2 emissions in upstream by 2050. The company also has set nearer-term GHG emission-related targets for zero routine flaring, upstream carbon intensity, and portfolio carbon intensity.",,0.745,,addressed_unquantified
XOM,These actions support our 2030 greenhouse gas emission reduction plans and our net-zero by 2050 ambition concerning Scope 1 and 2 emissions at operated assets.,,,,"We strive to play a leading role in the energy transition, bringing to bear these same advantages while retaining investment flexibility across a portfolio of evolving opportunities to grow shareholder value. With advances in technology and the support of clear and consistent government policies, we aim to achieve net-zero operated Scope 1 and 2 greenhouse gas emissions by 2050. To this end, we have taken a comprehensive approach to create greenhouse gas emission-reduction roadmaps for our major operated assets.",,0.709,,addressed_unquantified
XOM,These actions are supported by our plans to invest approximately $17 billion through 2027 on lower greenhouse gas emission initiatives.,,,,"The Corporation plans to invest in initiatives to lower greenhouse gas emissions. These investments are designed to reduce emissions in the company’s operations and are also directed toward reducing others’ emissions through commercializing and scaling carbon capture and storage, hydrogen, and lower-emission fuels. Policy support, along with technology advancements, are important to the development and deployment of lower-emission technologies necessary for a net-zero future.",,0.714,,addressed_unquantified
NEE,"Our goal is to achieve Real Zero™ by no later than 2045 … zero carbon emissions, 100% clean energy, at no incremental cost to our customers.",,2030.0,,"Federal or state laws or regulations may be adopted that would impose new or additional limits on the emissions of greenhouse gases, including, but not limited to, carbon dioxide and methane, from electric generation units using fuels, such as natural gas. The potential effects of greenhouse gas emission limits on NEE's and FPL's electric generation units are subject to significant uncertainties based on, among other things, the timing of the implementation of any new requirements, the required levels of emission reductions, the nature of any market-based or tax-based mechanisms adopted to facilitate reductions, the relative availability of greenhouse gas emission reduction offsets, the development of cost-effective, commercial-scale carbon capture and storage technology and supporting regulations and liability mitigation measures, and the range of available compliance alternatives.",,0.388,,silent
NEE,"Our goal is to achieve Real Zero, meaning we will be carbon emissions free by no later than 2045.",,2025.0,,"Federal or state laws or regulations may be adopted that would impose new or additional limits on the emissions of greenhouse gases, including, but not limited to, carbon dioxide and methane, from electric generation units using fuels, such as natural gas. The potential effects of greenhouse gas emission limits on NEE's and FPL's electric generation units are subject to significant uncertainties based on, among other things, the timing of the implementation of any new requirements, the required levels of emission reductions, the nature of any market-based or tax-based mechanisms adopted to facilitate reductions, the relative availability of greenhouse gas emission reduction offsets, the development of cost-effective, commercial-scale carbon capture and storage technology and supporting regulations and liability mitigation measures, and the range of available compliance alternatives.",,0.486,,silent
NEE,Our goal is to be completely carbon emissions free by no later than 2045.,,2030.0,,"Federal or state laws or regulations may be adopted that would impose new or additional limits on the emissions of greenhouse gases, including, but not limited to, carbon dioxide and methane, from electric generation units using fuels, such as natural gas. The potential effects of greenhouse gas emission limits on NEE's and FPL's electric generation units are subject to significant uncertainties based on, among other things, the timing of the implementation of any new requirements, the required levels of emission reductions, the nature of any market-based or tax-based mechanisms adopted to facilitate reductions, the relative availability of greenhouse gas emission reduction offsets, the development of cost-effective, commercial-scale carbon capture and storage technology and supporting regulations and liability mitigation measures, and the range of available compliance alternatives.",,0.506,,silent
NEE,Our goal includes meaningful milestones in five-year increments that would allow us to reach Real Zero emissions by no later than 2045.,,,,"Federal or state laws or regulations may be adopted that would impose new or additional limits on the emissions of greenhouse gases, including, but not limited to, carbon dioxide and methane, from electric generation units using fuels, such as natural gas. The potential effects of greenhouse gas emission limits on NEE's and FPL's electric generation units are subject to significant uncertainties based on, among other things, the timing of the implementation of any new requirements, the required levels of emission reductions, the nature of any market-based or tax-based mechanisms adopted to facilitate reductions, the relative availability of greenhouse gas emission reduction offsets, the development of cost-effective, commercial-scale carbon capture and storage technology and supporting regulations and liability mitigation measures, and the range of available compliance alternatives.",,0.493,,silent
NEE,Our goal is to be completely carbon emissions free by no later than 2045.,,2050.0,,"Federal or state laws or regulations may be adopted that would impose new or additional limits on the emissions of greenhouse gases, including, but not limited to, carbon dioxide and methane, from electric generation units using fuels, such as natural gas. The potential effects of greenhouse gas emission limits on NEE's and FPL's electric generation units are subject to significant uncertainties based on, among other things, the timing of the implementation of any new requirements, the required levels of emission reductions, the nature of any market-based or tax-based mechanisms adopted to facilitate reductions, the relative availability of greenhouse gas emission reduction offsets, the development of cost-effective, commercial-scale carbon capture and storage technology and supporting regulations and liability mitigation measures, and the range of available compliance alternatives.",,0.506,,silent
NEE,"First, we intend to decarbonize our own business, beginning with our goal to reach Real Zero emissions, without the need for carbon offsets, by no later than 2045.",,2030.0,,"Federal or state laws or regulations may be adopted that would impose new or additional limits on the emissions of greenhouse gases, including, but not limited to, carbon dioxide and methane, from electric generation units using fuels, such as natural gas. The potential effects of greenhouse gas emission limits on NEE's and FPL's electric generation units are subject to significant uncertainties based on, among other things, the timing of the implementation of any new requirements, the required levels of emission reductions, the nature of any market-based or tax-based mechanisms adopted to facilitate reductions, the relative availability of greenhouse gas emission reduction offsets, the development of cost-effective, commercial-scale carbon capture and storage technology and supporting regulations and liability mitigation measures, and the range of available compliance alternatives.",,0.547,,silent
NEE,"Company projections show that the cleanest energy sources, such as low-emissions natural gas, zero-carbon-emissions nuclear and solar, will provide approximately 99% of all energy produced in FPL’s system in 2031, putting the company well on its way to attaining Real Zero.",,2030.0,,"FPL placed 745 MW of solar generating capacity in service in January 2023 and is currently in the process of constructing an additional 447 MW and 1,639 MW of solar generating capacity, which is expected to be placed in service by mid-2023 and in 2024, respectively (see FPL Regulation – FPL Electric Rate Regulation – Base Rates – Base Rates Effective January 2022 through December 2025 below). Fuel Sources
FPL relies upon a mix of fuel sources for its generation facilities, the ability of some of its generation facilities to operate on both natural gas and low sulfur diesel, and on purchased power to maintain the flexibility to achieve a more economical fuel mix in order to respond to market and industry
developments.",,0.629,,addressed_unquantified
NEE,"Based on our ongoing analysis of the long-term potential of low-cost renewables, we remain confident that wind, solar and battery storage will help reduce costs for customers and help achieve future CO2-emissions reductions on our path to Real Zero by no later than 2045.",,2050.0,1.0,"The assets and liabilities of the VIE were approximately $
1,488
million and $
86
million, respectively, at December 31, 2022, and $
1,518
million and $
79
million, respectively, at December 31, 2021. At December 31, 2022 and 2021, the assets of this VIE consisted primarily of property, plant and equipment. NextEra Energy Resources consolidates 31 VIEs that primarily relate to certain subsidiaries which have sold differential membership interests in entities which own and operate wind generation, solar generation and battery storage facilities with generating/storage capacity of approximately
11,712
MW,
600
MW and
324
MW, respectively, and own wind generation, solar generation and battery storage facilities that, upon completion of construction, which is anticipated in 2023, are expected to have generating/storage capacity of approximately
301
MW,
1,161
MW and
390
MW, respectively.",,0.55,,addressed_unquantified
NEE,"As we implement Real Zero, our goal is to eliminate scope 1 and scope 2 carbon emissions from our operations by no later than 2045, beginning with a 70% reduction in our CO2 rate by 2025.",70.0,2050.0,1.0,"Federal or state laws or regulations may be adopted that would impose new or additional limits on the emissions of greenhouse gases, including, but not limited to, carbon dioxide and methane, from electric generation units using fuels, such as natural gas. The potential effects of greenhouse gas emission limits on NEE's and FPL's electric generation units are subject to significant uncertainties based on, among other things, the timing of the implementation of any new requirements, the required levels of emission reductions, the nature of any market-based or tax-based mechanisms adopted to facilitate reductions, the relative availability of greenhouse gas emission reduction offsets, the development of cost-effective, commercial-scale carbon capture and storage technology and supporting regulations and liability mitigation measures, and the range of available compliance alternatives.",,0.531,,silent
NEE,"We are striving to achieve our goal of Real Zero emissions by no later than 2045 so long as there is no incremental cost to customers relative to alternatives, our efforts to do so are supported by cost-effective technology advancements and constructive government policies and incentives and our investments are acceptable to our regulators Throughout this report, we reference our adjusted 2005 baseline for our emissions-reduction goal.",,2050.0,1.0,"Federal or state laws or regulations may be adopted that would impose new or additional limits on the emissions of greenhouse gases, including, but not limited to, carbon dioxide and methane, from electric generation units using fuels, such as natural gas. The potential effects of greenhouse gas emission limits on NEE's and FPL's electric generation units are subject to significant uncertainties based on, among other things, the timing of the implementation of any new requirements, the required levels of emission reductions, the nature of any market-based or tax-based mechanisms adopted to facilitate reductions, the relative availability of greenhouse gas emission reduction offsets, the development of cost-effective, commercial-scale carbon capture and storage technology and supporting regulations and liability mitigation measures, and the range of available compliance alternatives.",,0.577,,addressed_unquantified
NEE,FPL Group commits to more than $2 billion investment in clean energy to reduce CO2 emissions at the Clinton Global Initiative Forum.,,2028.0,,"FPL’s portion of the future cost of decommissioning its four nuclear units, including spent fuel storage above what is expected to be refunded by the DOE under a spent fuel settlement agreement, is estimated to be approximately $9.6 billion, or $2.5 billion expressed in 2022 dollars. The ultimate costs of decommissioning reflect the applications submitted to the NRC for the extension of Turkey Point Units Nos.",,0.622,,addressed_unquantified
NEE,NextEra Energy announces updated goal to reduce CO2-emissions rate by 67% by 2025 from a 2005 adjusted baseline.,67.0,2030.0,,"As a result of natural gas prices currently being lower than originally projected for 2023, FPL
70
Table of Contents
NEXTERA ENERGY, INC. AND FLORIDA POWER & LIGHT COMPANY
NOTES TO CONSOLIDATED FINANCIAL STATEMENTS (Continued)
also requested a $
1.0
billion mid-course correction to reduce the 2023 levelized fuel charges to customers that would go into effect beginning April 2023. An FPSC decision is expected in March 2023.",,0.603,,addressed_unquantified
NEE,NextEra Energy sets goal to achieve Real Zero carbon emissions by no later than 2045.,,2030.0,,"At December 31, 2022, NEER had net
ownership interests in approximately 1,208 MW of battery storage capacity. In October
2022, a wholly owned subsidiary of NextEra Energy Resources entered into several agreements to acquire 100% of a portfolio of renewable energy projects from the owners of Energy Power Partners Fund I, L.P. and North American Sustainable Energy Fund, L.P. The portfolio primarily consists of 31 biogas projects, one of which is an operating renewable natural gas facility and the others of which are primarily operating landfill gas-to-electric facilities.",,0.54,,silent
NEE,"As we execute our Real Zero goal, we project that FPL’s CO2-emissions rate will be approximately 64% lower in 2030 than the industry average was in 2005.",64.0,2028.0,1.0,"In addition to self-generation by residential, commercial and industrial customers, FPL also faces competition from other suppliers of electrical energy to wholesale and industrial customers and from alternative energy sources. In 2022, 2021 and 2020, operating revenues from wholesale and ind
ustrial electric customers combined represented approximately 7%, 6% and 5%, respectively, of FPL's total operating revenues.",,0.588,,addressed_unquantified
NEE,We have conducted a scenario analysis to model the U.S. energy grid to determine how the U.S. electric sector can achieve a 100% carbon-free electricity grid on a long-term horizon by 2050.,,,,"Federal or state laws or regulations may be adopted that would impose new or additional limits on the emissions of greenhouse gases, including, but not limited to, carbon dioxide and methane, from electric generation units using fuels, such as natural gas. The potential effects of greenhouse gas emission limits on NEE's and FPL's electric generation units are subject to significant uncertainties based on, among other things, the timing of the implementation of any new requirements, the required levels of emission reductions, the nature of any market-based or tax-based mechanisms adopted to facilitate reductions, the relative availability of greenhouse gas emission reduction offsets, the development of cost-effective, commercial-scale carbon capture and storage technology and supporting regulations and liability mitigation measures, and the range of available compliance alternatives.",,0.456,,silent
NEE,"Our near-term goal is to reduce our CO2-emissions rate 70% by 2025 from an adjusted 2005 baseline, while our long-term goal is to achieve Real Zero carbon emissions by no later than 2045.",70.0,2030.0,,"Federal or state laws or regulations may be adopted that would impose new or additional limits on the emissions of greenhouse gases, including, but not limited to, carbon dioxide and methane, from electric generation units using fuels, such as natural gas. The potential effects of greenhouse gas emission limits on NEE's and FPL's electric generation units are subject to significant uncertainties based on, among other things, the timing of the implementation of any new requirements, the required levels of emission reductions, the nature of any market-based or tax-based mechanisms adopted to facilitate reductions, the relative availability of greenhouse gas emission reduction offsets, the development of cost-effective, commercial-scale carbon capture and storage technology and supporting regulations and liability mitigation measures, and the range of available compliance alternatives.",,0.537,,silent
NEE,"We are striving to achieve our goal of Real Zero emissions by no later than 2045 so long as there is no incremental cost to customers relative to alternatives, our efforts to do so are supported by cost-effective technology advancements and constructive government policies and incentives and our investments are acceptable to our regulators.",,2030.0,,"Federal or state laws or regulations may be adopted that would impose new or additional limits on the emissions of greenhouse gases, including, but not limited to, carbon dioxide and methane, from electric generation units using fuels, such as natural gas. The potential effects of greenhouse gas emission limits on NEE's and FPL's electric generation units are subject to significant uncertainties based on, among other things, the timing of the implementation of any new requirements, the required levels of emission reductions, the nature of any market-based or tax-based mechanisms adopted to facilitate reductions, the relative availability of greenhouse gas emission reduction offsets, the development of cost-effective, commercial-scale carbon capture and storage technology and supporting regulations and liability mitigation measures, and the range of available compliance alternatives.",,0.57,,addressed_unquantified
NEE,70% by 2025 82% by 2030 87% by 2035 94% by 2040 100% by no later than 2045 79% increase in clean electricity generation.,,,,"The increase was primarily driven by higher earnings from investments in plant in service and other property. Such investments grew FPL's average rate base by approximately $5.6 billion in 2022 and reflect, among other things, the addition of the 1,246 MW Dania Beach Clean Energy Center which was placed in service on May 31, 2022, solar generation additions and ongoing transmission and distribution additions.",,0.501,,silent
NEE,NextEra Energy’s Real Zero goal is the next step in this journey and it lays out a clear path to reach zero-carbon emissions by no later than 2045.,,2030.0,,"See Note 4 – Nonrecurring Fair Value Measurements for a discussion of impairment charges in 2020 and 2022. NextEra Energy Resources provides operational, management and administrative services as well as transportation and fuel management services to NEP and its subsidiaries under various agreements (service agreements). NextEra Energy Resources is also party to a cash sweep and credit support (CSCS) agreement with a subsidiary of NEP.",,0.499,,silent
NEE,Our capital investments also will help us meet our near-term goal of reducing our CO2 emissions rate 82% by 2030 from a 2005 baseline.,82.0,,,"Federal or state laws or regulations may be adopted that would impose new or additional limits on the emissions of greenhouse gases, including, but not limited to, carbon dioxide and methane, from electric generation units using fuels, such as natural gas. The potential effects of greenhouse gas emission limits on NEE's and FPL's electric generation units are subject to significant uncertainties based on, among other things, the timing of the implementation of any new requirements, the required levels of emission reductions, the nature of any market-based or tax-based mechanisms adopted to facilitate reductions, the relative availability of greenhouse gas emission reduction offsets, the development of cost-effective, commercial-scale carbon capture and storage technology and supporting regulations and liability mitigation measures, and the range of available compliance alternatives.",,0.497,,silent
NEE,"In 2022, NextEra Energy announced a commitment to achieve Real Zero carbon emissions by no later than 2045.",,2050.0,1.0,"At December 31, 2022, NEER had net
ownership interests in approximately 1,208 MW of battery storage capacity. In October
2022, a wholly owned subsidiary of NextEra Energy Resources entered into several agreements to acquire 100% of a portfolio of renewable energy projects from the owners of Energy Power Partners Fund I, L.P. and North American Sustainable Energy Fund, L.P. The portfolio primarily consists of 31 biogas projects, one of which is an operating renewable natural gas facility and the others of which are primarily operating landfill gas-to-electric facilities.",,0.559,,addressed_unquantified
NEE,"NextEra Energy’s Real Zero goal and ability to produce power with zero-carbon emissions will mean the customers we provide power to can meet their Net Zero goals faster, cheaper and easier.",,2050.0,1.0,"See Note 4 – Nonrecurring Fair Value Measurements for a discussion of impairment charges in 2020 and 2022. NextEra Energy Resources provides operational, management and administrative services as well as transportation and fuel management services to NEP and its subsidiaries under various agreements (service agreements). NextEra Energy Resources is also party to a cash sweep and credit support (CSCS) agreement with a subsidiary of NEP.",,0.59,,addressed_unquantified
NEE,NextEra Energy’s Real Zero goal calls for a significant investment that strives to eliminate all scope 1 and scope 2 carbon emissions across its operations by no later than 2045.,,,,"At December 31, 2022, NEER had net
ownership interests in approximately 1,208 MW of battery storage capacity. In October
2022, a wholly owned subsidiary of NextEra Energy Resources entered into several agreements to acquire 100% of a portfolio of renewable energy projects from the owners of Energy Power Partners Fund I, L.P. and North American Sustainable Energy Fund, L.P. The portfolio primarily consists of 31 biogas projects, one of which is an operating renewable natural gas facility and the others of which are primarily operating landfill gas-to-electric facilities.",,0.545,,silent
PG,"21 ENVIRONMENTAL SUSTAINABILITY INTRODUCTION COMMUNITY IMPACT EQUALITY & INCLUSION ENVIRONMENTAL SUSTAINABILITY ETHICS & CORPORATE RESPONSIBILITY RECOGNITIONS & AWARDS CLIMATE At P&G, we set a new ambition to achieve net zero greenhouse gas (GHG) emissions across our operations and supply chain, from raw material to retailer by 2040.",,,,"In 2021, the Company announced a 2040 net zero ambition and published a Climate Transition Action
The Procter & Gamble Company 3
Plan, which describes the Company’s ongoing efforts toward reducing greenhouse gas emissions across scopes 1 and 2 and elements of scope 3. This includes a long-term objective of net zero emissions for scopes 1 and 2, elements of scope 3 and interim goals to help us pace our progress.",,0.578,,addressed_unquantified
PG,"GOALS PROGRESS through June 30, 2022 Reduce Scope 1 and 2 GHG emissions by 50% by 2030 vs. 2010 baseline1 57% reduction — Achieved Purchase 100% renewable electricity globally by 2030 99% renewable electricity globally INCREASING ENERGY EFFICIENCY IN OUR OPERATIONS Reduction in Energy Consumption per Unit of Production Percent reduction vs. FY09/10 FY20/21 FY19/20 FY21/22",50.0,,,"The Company has also declared goals towards using renewable electricity for our operations, reducing use of virgin petroleum-based plastic in packaging, increasing the recyclability or reusability of packaging, responsible sourcing of key forest-based commodities, improving efficiency of water usage in our operations and driving a global portfolio of water restoration projects to address water scarcity.",,0.568,,addressed_unquantified
PG,"GOALS PROGRESS through June 30, 2022 Reduce Global Upstream Finished Product Freight emissions intensity by 50% by 2030 (vs. 2020 baseline) 2.9% increase SUPPLY CHAIN In 2021, we expanded our supply chain target to be inclusive of all P&G categories, in line with our Science Based Target Initiative approved goals.",,,,"In 2021, the Company announced a 2040 net zero ambition and published a Climate Transition Action
The Procter & Gamble Company 3
Plan, which describes the Company’s ongoing efforts toward reducing greenhouse gas emissions across scopes 1 and 2 and elements of scope 3. This includes a long-term objective of net zero emissions for scopes 1 and 2, elements of scope 3 and interim goals to help us pace our progress.",,0.526,,silent
PG,"GOALS PROGRESS through June 30, 2022 Reduce supply chain emissions by 40% per unit of production by 2030 (vs. 2020 baseline)",40.0,,,"In 2021, the Company announced a 2040 net zero ambition and published a Climate Transition Action
The Procter & Gamble Company 3
Plan, which describes the Company’s ongoing efforts toward reducing greenhouse gas emissions across scopes 1 and 2 and elements of scope 3. This includes a long-term objective of net zero emissions for scopes 1 and 2, elements of scope 3 and interim goals to help us pace our progress.",,0.572,,addressed_unquantified
PG,New Goal — progress to be reported end of 2023 CARBON NEUTRAL OPERATIONS FOR 2020–2030,,,,"In 2021, the Company announced a 2040 net zero ambition and published a Climate Transition Action
The Procter & Gamble Company 3
Plan, which describes the Company’s ongoing efforts toward reducing greenhouse gas emissions across scopes 1 and 2 and elements of scope 3. This includes a long-term objective of net zero emissions for scopes 1 and 2, elements of scope 3 and interim goals to help us pace our progress.",,0.476,,silent
PG,P&G is committed to be carbon neutral for the decade (2020–2030) for our own operations (Scope 1 and Scope 2 emissions).,,,,"In 2021, the Company announced a 2040 net zero ambition and published a Climate Transition Action
The Procter & Gamble Company 3
Plan, which describes the Company’s ongoing efforts toward reducing greenhouse gas emissions across scopes 1 and 2 and elements of scope 3. This includes a long-term objective of net zero emissions for scopes 1 and 2, elements of scope 3 and interim goals to help us pace our progress.",,0.494,,silent
